{
  "runtime_seconds": 645.0,
  "hgbc_params": {
    "loss": "log_loss",
    "learning_rate": 0.025403206798451684,
    "max_iter": 425,
    "max_leaf_nodes": 77,
    "min_samples_leaf": 19,
    "l2_regularization": 1.9425718499597513,
    "max_features": 0.6805454483691531,
    "early_stopping": true,
    "validation_fraction": 0.15,
    "n_iter_no_change": 30,
    "random_state": 42
  },
  "cv": {
    "mean": {
      "n": 31923.6,
      "weighted_n": 55561862.046000004,
      "positive_rate": 0.06206066978538051,
      "weighted_positive_rate": 0.06391946011226153,
      "roc_auc": 0.9512794719887812,
      "pr_auc": 0.670423222292343,
      "brier": 0.03377145246218786,
      "threshold": 0.30800000000000005,
      "precision": 0.6095752426338761,
      "recall": 0.620251575369091,
      "f1": 0.6144217009932174,
      "precision_at_top_5pct": 0.6839687701153372,
      "precision_at_top_10pct": 0.4777713224832601,
      "precision_at_top_20pct": 0.2898929626043917,
      "lift_at_top_10pct": 7.4745018143756825
    },
    "std": {
      "n": 0.5477225575051661,
      "weighted_n": 150952.19773446576,
      "positive_rate": 1.3608788115661224e-05,
      "weighted_positive_rate": 0.000594204747540196,
      "roc_auc": 0.0021975196528710743,
      "pr_auc": 0.007110826272555049,
      "brier": 0.0006264330153284482,
      "threshold": 0.032710854467592254,
      "precision": 0.01595956401652626,
      "recall": 0.022164278201396156,
      "f1": 0.005825302361970785,
      "precision_at_top_5pct": 0.008555332223077992,
      "precision_at_top_10pct": 0.0053796200879883144,
      "precision_at_top_20pct": 0.0016926107173449085,
      "lift_at_top_10pct": 0.027047296673273123
    },
    "fold_metrics": [
      {
        "fold": 1,
        "n": 31924,
        "weighted_n": 55563043.74,
        "positive_rate": 0.062053627364991856,
        "weighted_positive_rate": 0.0637775300176527,
        "roc_auc": 0.9522159472474927,
        "pr_auc": 0.6689639556906859,
        "brier": 0.033826109979473,
        "threshold": 0.28,
        "precision": 0.5856157676655288,
        "recall": 0.6410223961676325,
        "f1": 0.6120677371547412,
        "precision_at_top_5pct": 0.6747259345788141,
        "precision_at_top_10pct": 0.479015600404518,
        "precision_at_top_20pct": 0.28884375423438824,
        "lift_at_top_10pct": 7.510726744543626
      },
      {
        "fold": 2,
        "n": 31924,
        "weighted_n": 55483675.519999996,
        "positive_rate": 0.062053627364991856,
        "weighted_positive_rate": 0.06347657264938168,
        "roc_auc": 0.9494701845276505,
        "pr_auc": 0.6772497016857153,
        "brier": 0.033181930285520675,
        "threshold": 0.31,
        "precision": 0.6136230007977775,
        "recall": 0.6298790535904004,
        "f1": 0.6216447711362626,
        "precision_at_top_5pct": 0.6944047815149154,
        "precision_at_top_10pct": 0.4725650703381345,
        "precision_at_top_20pct": 0.28777353788400817,
        "lift_at_top_10pct": 7.4447162254393975
      },
      {
        "fold": 3,
        "n": 31924,
        "weighted_n": 55510612.65,
        "positive_rate": 0.06208495176043102,
        "weighted_positive_rate": 0.06368647095088402,
        "roc_auc": 0.951739983184971,
        "pr_auc": 0.6708113091199318,
        "brier": 0.03380955981659858,
        "threshold": 0.34,
        "precision": 0.628008558837681,
        "recall": 0.5880446721228497,
        "f1": 0.6073699368905895,
        "precision_at_top_5pct": 0.6789745796805502,
        "precision_at_top_10pct": 0.47453792524342847,
        "precision_at_top_20pct": 0.289668421049811,
        "lift_at_top_10pct": 7.451157493235877
      },
      {
        "fold": 4,
        "n": 31923,
        "weighted_n": 55818577.66,
        "positive_rate": 0.0620555712182439,
        "weighted_positive_rate": 0.06496371211906656,
        "roc_auc": 0.9487590131643473,
        "pr_auc": 0.6592747571374163,
        "brier": 0.03475953151663177,
        "threshold": 0.27,
        "precision": 0.6036996879485351,
        "recall": 0.6353330675753904,
        "f1": 0.6191125665220437,
        "precision_at_top_5pct": 0.6801130329173654,
        "precision_at_top_10pct": 0.48640718334403965,
        "precision_at_top_20pct": 0.29176230527044855,
        "lift_at_top_10pct": 7.4873674468069895
      },
      {
        "fold": 5,
        "n": 31923,
        "weighted_n": 55433400.66,
        "positive_rate": 0.0620555712182439,
        "weighted_positive_rate": 0.06369301482432271,
        "roc_auc": 0.9542122318194445,
        "pr_auc": 0.6758163878279655,
        "brier": 0.03328013071271525,
        "threshold": 0.34,
        "precision": 0.6169291979198578,
        "recall": 0.606978687389182,
        "f1": 0.6119134932624498,
        "precision_at_top_5pct": 0.6916255218850412,
        "precision_at_top_10pct": 0.4763308330861801,
        "precision_at_top_20pct": 0.2914167945833025,
        "lift_at_top_10pct": 7.47854116185252
      }
    ]
  },
  "tuned_threshold": 0.27,
  "test_metrics_hgbc": {
    "n": 39905,
    "weighted_n": 69436582.24,
    "positive_rate": 0.06204736248590402,
    "weighted_positive_rate": 0.06456943034009563,
    "roc_auc": 0.9541672354271838,
    "pr_auc": 0.6930969220691653,
    "brier": 0.032886375738501686,
    "threshold": 0.27,
    "precision": 0.5920950757093039,
    "recall": 0.6560977037000905,
    "f1": 0.6224554827641581,
    "precision_at_top_5pct": 0.7104688575813185,
    "precision_at_top_10pct": 0.4836545634708255,
    "precision_at_top_20pct": 0.2971342329948742,
    "lift_at_top_10pct": 7.490457340623167
  },
  "test_metrics_logreg": {
    "n": 39905,
    "weighted_n": 69436582.24,
    "positive_rate": 0.06204736248590402,
    "weighted_positive_rate": 0.06456943034009563,
    "roc_auc": 0.9461479818440139,
    "pr_auc": 0.6263873189927349,
    "brier": 0.036208313061188276,
    "threshold": 0.26,
    "precision": 0.5489708970236031,
    "recall": 0.6410745650695979,
    "f1": 0.5914585455017031,
    "precision_at_top_5pct": 0.6514459140418015,
    "precision_at_top_10pct": 0.47107165226442116,
    "precision_at_top_20pct": 0.29096386490759435,
    "lift_at_top_10pct": 7.2955832161322345
  }
}