{
  "n_rows": 199523,
  "n_features": 40,
  "positive_rate_unweighted": 0.06205800834991455,
  "positive_rate_weighted": 0.06405041998278356,
  "weight_sum": 347245892.47,
  "weight_min": 37.87,
  "weight_max": 18656.3,
  "weight_median": 1618.31,
  "features_with_NA": {
    "hispanic origin": 0.004380447366970224,
    "state of previous residence": 0.003548463084456429,
    "migration code-change in msa": 0.4996717170451527,
    "migration code-change in reg": 0.4996717170451527,
    "migration code-move within reg": 0.4996717170451527,
    "migration prev res in sunbelt": 0.4996717170451527,
    "country of birth father": 0.03364524390671752,
    "country of birth mother": 0.030668143522300687,
    "country of birth self": 0.017005558256441615
  },
  "features_with_NIU": {
    "class of worker": 0.5024232795216591,
    "enroll in edu inst last wk": 0.9369496248552799,
    "major occupation code": 0.5046235271121625,
    "member of a labor union": 0.9044521183021507,
    "reason for unemployment": 0.9695774421996461,
    "region of previous residence": 0.920946457300662,
    "state of previous residence": 0.920946457300662,
    "migration code-change in msa": 0.007598121519824782,
    "migration code-change in reg": 0.007598121519824782,
    "migration code-move within reg": 0.007598121519824782,
    "migration prev res in sunbelt": 0.4212747402555094,
    "family members under 18": 0.7228840785272875,
    "fill inc questionnaire for veteran's admin": 0.9900562842379074
  },
  "cardinality": {
    "age": 91,
    "wage per hour": 1240,
    "capital gains": 132,
    "capital losses": 113,
    "dividends from stocks": 1478,
    "num persons worked for employer": 7,
    "weeks worked in year": 53,
    "class of worker": 9,
    "detailed industry recode": 52,
    "detailed occupation recode": 47,
    "education": 17,
    "enroll in edu inst last wk": 3,
    "marital stat": 7,
    "major industry code": 24,
    "major occupation code": 15,
    "race": 5,
    "hispanic origin": 10,
    "sex": 2,
    "member of a labor union": 3,
    "reason for unemployment": 6,
    "full or part time employment stat": 8,
    "tax filer stat": 6,
    "region of previous residence": 6,
    "state of previous residence": 51,
    "detailed household and family stat": 38,
    "detailed household summary in household": 8,
    "migration code-change in msa": 10,
    "migration code-change in reg": 9,
    "migration code-move within reg": 10,
    "live in this house 1 year ago": 3,
    "migration prev res in sunbelt": 4,
    "family members under 18": 5,
    "country of birth father": 43,
    "country of birth mother": 43,
    "country of birth self": 43,
    "citizenship": 5,
    "own business or self employed": 3,
    "fill inc questionnaire for veteran's admin": 3,
    "veterans benefits": 3,
    "year": 2
  }
}