{
  "runtime_seconds": 258.2,
  "k": 6,
  "recommended_k": 4,
  "k_sweep_costs": {
    "3": 131428.16231162313,
    "4": 110294.23483182264,
    "5": 97984.3107058065,
    "6": 89033.39510148737,
    "7": 82098.59860283021,
    "8": 74465.29615022274
  },
  "n_rows": 199523
}